alpha,attention_effective_rank,attention_effective_rank_lower,attention_effective_rank_upper,beta,cell_id,correlation,d,delta,distance_uniform,distance_uniform_lower,distance_uniform_upper,gamma,input_kind,jacobian_op,jacobian_op_lower,jacobian_op_upper,label,label_sensitivity_minus_0p05,label_sensitivity_plus_0p05,m,mask,max_mass,max_mass_lower,max_mass_upper,mean_cij2,mean_vi_vj,n,normalized_entropy,normalized_entropy_lower,normalized_entropy_upper,phi,s,sample_count,self_mass,self_mass_lower,self_mass_upper,tau,update_to_weight_min,update_to_weight_min_lower,update_to_weight_min_upper
-1.0,0.17523748762701888,0.17484868430429631,0.17562629094974144,0.0,0,0.25,32,-0.5320231720672588,0.05010427356535779,0.04881925529404739,0.0513892918366682,0.0,synthetic,0.05945800094668472,0.05790218317662154,0.0610138187167479,diffuse,diffuse,gradient_starved,8,unmasked,0.059974062989684815,0.05854751295926047,0.06140061302010915,0.09750571111957732,0.9999762691570212,24,0.992428871056385,0.992123841030974,0.992733901081796,0.0,0.5,2,0.025621217495267676,0.02436277441462496,0.026879660575910395,0.21956521190172076,4.018210947486457e-05,3.028713965908654e-05,5.007707929064259e-05
-1.0,0.4129621660763382,0.4027552530663443,0.42316907908633206,0.0,0,0.25,32,-0.5320231720672588,0.07328841379656624,0.06929723493862595,0.07727959265450653,0.0,synthetic,0.11256553560999696,0.11110144082645176,0.11402963039354215,diffuse,diffuse,gradient_starved,8,causal,0.11614388652797775,0.11561428345949804,0.11667348959645744,0.09750571111957732,0.9999762691570212,24,0.9904190972040752,0.9896511309051276,0.9911870635030228,0.0,0.5,2,0.042066718479383036,0.03856594313069814,0.04556749382806793,0.20636858352410956,6.780607474737944e-05,5.2956977993596825e-05,8.265517150116205e-05
-1.0,0.21799090708408675,0.21270852829723663,0.2232732858709369,0.0,0,,32,-0.6841243069531087,0.0568747212450983,0.054463422485619556,0.05928602000457704,0.0,real_activation,0.06332703731627681,0.062043438439914486,0.06461063619263913,diffuse,diffuse,gradient_starved,8,unmasked,0.06442070875047642,0.06283944301640321,0.06600197448454966,0.031115047439315487,0.9996373731657016,24,0.9900277109440523,0.9899805713770403,0.9900748505110644,0.0,0.5,2,0.02149964224442888,0.02035485881637695,0.02264442567248081,0.2542478425096057,8.334714730809449e-05,7.950496668428129e-05,8.718932793190768e-05
-1.0,0.39337687739782456,0.38679174261271454,0.3999620121829346,0.0,0,,32,-0.6841243069531087,0.11179901304681526,0.10986682613857958,0.11373119995505095,0.0,real_activation,0.11566693151935183,0.10792325170268205,0.1234106113360216,gradient_starved,gradient_starved,gradient_starved,8,causal,0.116982100696617,0.1098187240156652,0.12414547737756881,0.031115047439315487,0.9996373731657016,24,0.9855890908031655,0.984465937032152,0.9867122445741789,0.0,0.5,2,0.04503277312536782,0.03783270416848682,0.052232842082248813,0.273278675394408,0.00013554703699360853,0.00012420763944661202,0.00014688643454060504
0.0,0.14519540516888282,0.14389937303545727,0.14649143730230837,1.0,1,0.25,32,0.0013733557430248497,0.0448421641830698,0.042527757497842586,0.04715657086829702,0.0,synthetic,0.05863835592736384,0.055792312018060244,0.06148439983666744,diffuse,diffuse,gradient_starved,8,unmasked,0.059059211607366394,0.05588997355715326,0.06222844965757953,0.09750571111957732,0.9999762691570212,24,0.9931705602460099,0.9917571614607298,0.9945839590312899,0.0,0.5,2,0.03847917912964777,0.03755003614063072,0.039408322118664824,0.20242757283795854,4.89623707553125e-05,3.741842832054134e-05,6.050631319008367e-05
0.0,0.4655068586332944,0.45892338614197,0.4720903311246188,1.0,1,0.25,32,0.001984119004622319,0.06160048964364091,0.05195627001378978,0.07124470927349204,0.0,synthetic,0.10328861358108563,0.09732817162494997,0.10924905553722128,diffuse,diffuse,gradient_starved,8,causal,0.10523245821567044,0.10006097925975464,0.11040393717158624,0.09750571111957732,0.9999762691570212,24,0.9938608342709827,0.9933072504076806,0.9944144181342849,0.0,0.5,2,0.07409887160149198,0.07199382679573443,0.07620391640724954,0.17635835863729254,6.963578039071244e-05,5.1057239261558986e-05,8.82143215198659e-05
0.0,0.19404178343985984,0.18541536831510697,0.20266819856461274,1.0,1,,32,-0.010172639407631676,0.04982956615818783,0.04898815384034475,0.050670978476030915,0.0,real_activation,0.06019103136099961,0.05837660074651845,0.06200546197548078,diffuse,diffuse,gradient_starved,8,unmasked,0.06083116635084285,0.05895517985272524,0.06270715284896045,0.031115047439315487,0.9996373731657016,24,0.9926093913212193,0.9913519474676855,0.9938668351747532,0.0,0.5,2,0.03894606420142752,0.03847683463752453,0.03941529376533052,0.19872832888898623,8.007993120126035e-05,6.502541795184899e-05,9.513444445067173e-05
0.0,0.4717785356572606,0.4619527925869251,0.481604278727596,1.0,1,,32,-0.017101967783768282,0.06966289250949428,0.0686897859045912,0.07063599911439736,0.0,real_activation,0.10971075179026543,0.10150150402342654,0.1179199995571043,diffuse,diffuse,gradient_starved,8,causal,0.11213777258401668,0.10269671529783839,0.12157882987019497,0.031115047439315487,0.9996373731657016,24,0.9918419883610337,0.9899450761772505,0.9937389005448168,0.0,0.5,2,0.07308554649777607,0.06439826647489265,0.0817728265206595,0.19126472483229942,0.0001533026578521656,0.00013659334900492428,0.00017001196669940696
0.0,0.1505166520778179,0.14540658349627858,0.1556267206593572,0.7071067811865476,2,0.25,32,-0.025698206372957576,0.04272872116842734,0.041768683112122264,0.04368875922473242,0.7071067811865476,synthetic,0.06064653936972088,0.059926121087492415,0.06136695765194934,diffuse,diffuse,gradient_starved,8,unmasked,0.06148011945080875,0.06078971115233518,0.06217052774928232,0.09750571111957732,0.9999762691570212,24,0.9939899685686269,0.9933217874695803,0.9946581496676734,0.7853981633974483,0.5,2,0.03952764302279432,0.038928542134430706,0.04012674391115793,0.189490321096917,4.1439024080773434e-05,3.6563717811379443e-05,4.631433035016742e-05
0.0,0.4730461109537564,0.4652509058345104,0.48084131607300246,0.7071067811865476,2,0.25,32,-0.01771177200567966,0.05651114087200497,0.055390957830483055,0.05763132391352688,0.7071067811865476,synthetic,0.10701345356751779,0.10344501056935092,0.11058189656568465,diffuse,diffuse,gradient_starved,8,causal,0.1092149569565102,0.10660945125117208,0.11182046266184835,0.09750571111957732,0.9999762691570212,24,0.9938206237157586,0.9933053321226251,0.9943359153088922,0.7853981633974483,0.5,2,0.07939937871120412,0.07603750234365052,0.08276125507875771,0.17326581592291312,6.355768633966867e-05,5.870526430853557e-05,6.841010837080177e-05
0.0,0.19860667080370045,0.1955440316574302,0.2016693099499707,0.7071067811865476,2,,32,-0.00906781789077262,0.05077362034219621,0.05031982045333705,0.05122742023105537,0.7071067811865476,real_activation,0.06373672611787504,0.06371480589061385,0.06375864634513624,diffuse,diffuse,gradient_starved,8,unmasked,0.06479171992221866,0.06466706570721958,0.06491637413721772,0.031115047439315487,0.9996373731657016,24,0.991391545813384,0.99125824795631,0.9915248436704579,0.7853981633974483,0.5,2,0.040532871479563054,0.04018084395342012,0.04088489900570599,0.23091538883053128,0.00011214941036236936,9.229271573362228e-05,0.00013200610499111644
0.0,0.472630588713572,0.4710977176859963,0.4741634597411477,0.7071067811865476,2,,32,-0.01202779461536245,0.07015059826649162,0.05970279494053832,0.08059840159244493,0.7071067811865476,real_activation,0.10808100519732225,0.09914707018262459,0.11701494021201991,diffuse,diffuse,gradient_starved,8,causal,0.1119345620924272,0.1024719517592554,0.12139717242559901,0.031115047439315487,0.9996373731657016,24,0.9921298294164536,0.9909834169607823,0.9932762418721249,0.7853981633974483,0.5,2,0.07593394951922208,0.07050090992206029,0.08136698911638388,0.21973477315590265,0.00018204820114390912,9.76981929598466e-05,0.00026639820932797167
0.0,0.15779584721783552,0.157179880506715,0.15841181392895606,6.123233995736766e-17,3,0.25,32,-0.10574661354495798,0.04171548436016987,0.03855392658977661,0.04487704213056313,1.0,synthetic,0.05624509737940572,0.053612210651142043,0.05887798410766941,diffuse,diffuse,gradient_starved,8,unmasked,0.05669349973570914,0.05386059470099763,0.05952640477042065,0.09750571111957732,0.9999762691570212,24,0.9947709774916729,0.9936773745366598,0.9958645804466859,1.5707963267948966,0.5,2,0.03750499923900049,0.03696246879718424,0.03804752968081674,0.17979470172001827,6.051955696554822e-05,5.1418846482177255e-05,6.962026744891919e-05
0.0,0.462344304913076,0.4552320123754241,0.4694565974507279,6.123233995736766e-17,3,0.25,32,-0.11363481162539828,0.05180852250899575,0.0491346249620243,0.0544824200559672,1.0,synthetic,0.10333282453107531,0.09797669661100444,0.1086889524511462,diffuse,diffuse,gradient_starved,8,causal,0.10427435137279996,0.09946379570156802,0.1090849070440319,0.09750571111957732,0.9999762691570212,24,0.9951432994423287,0.9948398742212847,0.9954467246633727,1.5707963267948966,0.5,2,0.06826353888726541,0.06803032586044307,0.06849675191408776,0.15503122646222162,9.234266420731096e-05,7.761607229257825e-05,0.00010706925612204366
0.0,0.20340822448327403,0.20060914187775095,0.20620730708879711,6.123233995736766e-17,3,,32,-0.01917320565455575,0.0533640777178194,0.05163473729072994,0.05509341814490886,1.0,real_activation,0.06311538193364385,0.06277683860963053,0.0634539252576572,diffuse,diffuse,gradient_starved,8,unmasked,0.06432541316141277,0.06400669805888559,0.06464412826393996,0.031115047439315487,0.9996373731657016,24,0.9903953465881186,0.9895235433666586,0.9912671498095786,1.5707963267948966,0.5,2,0.03998439052739469,0.03955844056083011,0.04041034049395928,0.23616690806571927,8.734296308942178e-05,4.7713846246871814e-05,0.00012697207993197173
0.0,0.47209763991154974,0.4668763100334618,0.47731896978963767,6.123233995736766e-17,3,,32,-0.01794743848706902,0.08253781691475626,0.0744855142598986,0.09059011956961392,1.0,real_activation,0.11696224380619093,0.10949089400135259,0.12443359361102926,diffuse,diffuse,screened_candidate,8,causal,0.12090099532354265,0.11689552466235313,0.12490646598473215,0.031115047439315487,0.9996373731657016,24,0.9877318735847407,0.9871734581169901,0.9882902890524913,1.5707963267948966,0.5,2,0.07989499327945394,0.07114597013890134,0.08864401642000655,0.2394481726701484,0.00016823169923464536,0.00012885838256643936,0.00020760501590285138
1.0,0.1998580307242569,0.14718672337637365,0.2525293380721401,0.0,4,0.25,32,0.5166948832019173,0.05692187978478963,0.047463582647305665,0.0663801769222736,0.0,synthetic,0.06665230539681041,0.05994031820932372,0.07336429258429711,diffuse,diffuse,gradient_starved,8,unmasked,0.06819698469249974,0.060708138108790444,0.07568583127620904,0.09750571111957732,0.9999762691570212,24,0.9904938001789068,0.9877204182786726,0.993267182079141,0.0,0.5,2,0.06466970808004595,0.05673899308827187,0.07260042307182002,0.23574266053657525,5.76150571915577e-05,3.270438376263688e-05,8.252573062047852e-05
1.0,0.5781139254971716,0.5331642158884687,0.6230636351058744,0.0,4,0.25,32,0.5166948832019171,0.10342341810869549,0.06379606447482657,0.14305077174256442,0.0,synthetic,0.12220176096895755,0.10687264331779917,0.13753087862011593,boundary_uncertain,boundary_uncertain,screened_candidate,8,causal,0.1244608492643712,0.10713183078826442,0.141789867740478,0.09750571111957732,0.9999762691570212,24,0.9865199124483728,0.9797726428176045,0.993267182079141,0.0,0.5,2,0.12314913156011484,0.10450839537975168,0.141789867740478,0.2503333906277632,0.0001078418023570805,5.605102933710696e-05,0.00015963257537705405
1.0,0.23469285200547024,0.20584577836022774,0.26353992565071277,0.0,4,,32,0.6012461307362749,0.056880559090165386,0.04857240724716547,0.0651887109331653,0.0,real_activation,0.06689889127707041,0.06449167697813064,0.06930610557601019,diffuse,diffuse,gradient_starved,8,unmasked,0.0682875109238346,0.06556000525883417,0.07101501658883504,0.031115047439315487,0.9996373731657016,24,0.9901837339189449,0.9880963978603298,0.99227106997756,0.0,0.5,2,0.0682875109238346,0.06556000525883417,0.07101501658883504,0.23110188164496123,0.0001149935335670624,0.00010624200948892916,0.00012374505764519564
1.0,0.6047407210925784,0.5824204374029621,0.6270610047821946,0.0,4,,32,0.6012461307362749,0.10276834983566854,0.09076535852603762,0.11477134114529947,0.0,real_activation,0.12271138830926098,0.12095466247573888,0.12446811414278308,boundary_uncertain,boundary_uncertain,screened_candidate,8,causal,0.12652220457262808,0.12587635834773075,0.12716805079752544,0.031115047439315487,0.9996373731657016,24,0.9864336738789266,0.9818416180672203,0.9910257296906329,0.0,0.5,2,0.12400169841803763,0.12083534603854981,0.12716805079752544,0.2301090057138833,0.00021753562159075872,0.00014711820529586447,0.000287953037885653
-1.0,0.4026215853326,0.35450898440461415,0.45073418626058587,0.0,5,0.25,32,-2.2194867802399783,0.2609350608734828,0.2562521629097467,0.2656179588372189,0.0,synthetic,0.17661925009515597,0.17462624868528137,0.17861225150503057,boundary_uncertain,boundary_uncertain,boundary_uncertain,8,unmasked,0.20443680263435873,0.20085705689956065,0.2080165483691568,0.09750571111957732,0.9999762691570212,24,0.8359763775947033,0.8266018614769283,0.8453508937124783,0.0,1.0,2,0.0036288836732351172,0.0023825360346044788,0.004875231311865756,1.0329537015323407,9.449544234362895e-05,7.08842293645105e-05,0.00011810665532274741
-1.0,0.47367409751717515,0.44750952870441435,0.4998386663299359,0.0,5,0.25,32,-2.219486780239978,0.32559730309883633,0.3230220162080309,0.32817258998964177,0.0,synthetic,0.23547700009559858,0.21371584246965755,0.25723815772153963,screened_candidate,screened_candidate,screened_candidate,8,causal,0.2763590587570695,0.2645622029128258,0.28815591460131323,0.09750571111957732,0.9999762691570212,24,0.8500502953690402,0.8434310419681219,0.8566695487699585,0.0,1.0,2,0.00825508963573851,0.006289842887302904,0.010220336384174118,1.0489357264487573,0.00010178447416634203,9.217215837603636e-05,0.00011139678995664769
-1.0,0.5293605694150556,0.4713124042230839,0.5874087346070272,0.0,5,,32,-3.128107498635064,0.28971089092111485,0.25364048977870546,0.32578129206352424,0.0,real_activation,0.15613496530725268,0.153607712437892,0.15866221817661336,screened_candidate,screened_candidate,screened_candidate,8,unmasked,0.16921109007218443,0.16351403783928442,0.17490814230508445,0.031115047439315487,0.9996373731657016,24,0.8430435174873055,0.8415760242999445,0.8445110106746666,0.0,1.0,2,0.001720352716906091,0.0013486818833748136,0.002092023550437368,1.1374505014943272,8.862017675414032e-05,8.29544302792541e-05,9.428592322902655e-05
-1.0,0.4532191164684002,0.41638562616752334,0.49005260676927703,0.0,5,,32,-3.128107498635064,0.3794807041355158,0.33993779459103274,0.41902361367999896,0.0,real_activation,0.22390229937320533,0.1934596596652793,0.2543449390811313,screened_candidate,screened_candidate,screened_candidate,8,causal,0.293613666520693,0.24422630595801315,0.34300102708337277,0.031115047439315487,0.9996373731657016,24,0.8064663313607943,0.7982338645862189,0.8146987981353696,0.0,1.0,2,0.003887810878848311,0.003484308091089984,0.0042913136666066385,1.2385720138551246,0.00012126431522484973,9.82318706110111e-05,0.00014429675983868836
0.0,0.3847360662205321,0.3236305053736999,0.44584162706736424,1.0,6,0.25,32,-0.023911093176193846,0.19252628431681365,0.17503128886859187,0.21002127976503543,0.0,synthetic,0.1325273417884645,0.12678610292875306,0.13826858064817596,boundary_uncertain,boundary_uncertain,boundary_uncertain,8,unmasked,0.14210492214618142,0.1321883735239462,0.15202147076841663,0.09750571111957732,0.9999762691570212,24,0.9182992281722652,0.9171252824380502,0.9194731739064801,0.0,1.0,2,0.03420762450129623,0.028976691268509616,0.03943855773408285,0.7006580562597527,5.1325525807281234e-05,4.243742872705953e-05,6.021362288750293e-05
0.0,0.49242447042724263,0.47877359096999217,0.5060753498844931,1.0,6,0.25,32,0.04942854406448443,0.22140742818671527,0.21566729173666957,0.227147564636761,0.0,synthetic,0.203260916514435,0.19504668557280208,0.21147514745606796,screened_candidate,boundary_uncertain,screened_candidate,8,causal,0.21344260024632372,0.2039505765052878,0.2229346239873596,0.09750571111957732,0.9999762691570212,24,0.9368230118877942,0.9333767178091655,0.9402693059664228,0.0,1.0,2,0.07243746007437735,0.058216391583717,0.08665852856503771,0.5962661709019026,7.748796483267213e-05,4.259176365938154e-05,0.00011238416600596272
0.0,0.49385159173965665,0.49131321605131945,0.49638996742799385,1.0,6,,32,-0.03841070773619483,0.21656083354981337,0.20788404465427804,0.22523762244534873,0.0,real_activation,0.1519494832236963,0.14960926816437825,0.15428969828301436,screened_candidate,screened_candidate,screened_candidate,8,unmasked,0.16416282233320495,0.16381276207933354,0.1645128825870764,0.031115047439315487,0.9996373731657016,24,0.872882313033748,0.8605823545431158,0.88518227152438,0.0,1.0,2,0.02209919897802437,0.019539179683415484,0.024659218272633253,0.9086894666783825,9.799490008556338e-05,9.465443704597777e-05,0.00010133536312514901
0.0,0.5041228465403838,0.49712176680775455,0.5111239262730131,1.0,6,,32,-0.043335059254911906,0.29628326281606465,0.27110527257202743,0.3214612530601018,0.0,real_activation,0.23904649224813646,0.23342408460215264,0.24466889989412025,screened_candidate,screened_candidate,screened_candidate,8,causal,0.3037034374584718,0.2888513556510905,0.31855551926585307,0.031115047439315487,0.9996373731657016,24,0.8694509656153494,0.8510340789672151,0.8878678522634837,0.0,1.0,2,0.06058150925723385,0.046868253794237445,0.07429476472023026,0.8990602939924082,0.00013596561079117061,0.00013591586419458594,0.00013601535738775526
0.0,0.44131782686134946,0.438728135168622,0.44390751855407684,0.7071067811865476,7,0.25,32,-0.022765409801458497,0.18482204181496298,0.16348516569541768,0.20615891793450827,0.7071067811865476,synthetic,0.12589975041985363,0.1238816755879047,0.12791782525180254,gradient_starved,gradient_starved,gradient_starved,8,unmasked,0.13570385998323992,0.13361590642848983,0.13779181353798997,0.09750571111957732,0.9999762691570212,24,0.9147397015738985,0.9043776796806594,0.9251017234671375,0.7853981633974483,1.0,2,0.029875823369606765,0.02782609820567026,0.03192554853354327,0.7181236537744821,4.7586895580470096e-05,4.647690005857755e-05,4.8696891102362644e-05
0.0,0.5332254550700675,0.5303826547821727,0.5360682553579623,0.7071067811865476,7,0.25,32,0.04312276729957909,0.20087327485829443,0.17839661083858144,0.22334993887800741,0.7071067811865476,synthetic,0.19567054582229995,0.17734456995584255,0.21399652168875735,screened_candidate,boundary_uncertain,screened_candidate,8,causal,0.21995232553140148,0.19740811752847293,0.24249653353433007,0.09750571111957732,0.9999762691570212,24,0.9276762324069187,0.9247434940581851,0.9306089707556522,0.7853981633974483,1.0,2,0.06568157278903823,0.0634493278394522,0.06791381773862426,0.6221924381783507,7.051558627144556e-05,5.129071128378561e-05,8.974046125910551e-05
0.0,0.4821374451667565,0.4784227060699562,0.48585218426355675,0.7071067811865476,7,,32,0.06022529601212998,0.2301972031482425,0.18679951536234574,0.27359489093413925,0.7071067811865476,real_activation,0.14904827485139457,0.12447185807860243,0.17362469162418673,screened_candidate,boundary_uncertain,screened_candidate,8,unmasked,0.15915505913930506,0.12845370607247383,0.1898564122061363,0.031115047439315487,0.9996373731657016,24,0.8564455878757953,0.801394463181258,0.9114967125703327,0.7853981633974483,1.0,2,0.02809217312121621,0.024648926001806747,0.031535420240625674,0.9204917676700045,0.00011630599912167472,6.48103088995288e-05,0.00016780168934382063
0.0,0.5344522354720007,0.5191891723695492,0.5497152985744521,0.7071067811865476,7,,32,0.02711327099638981,0.27518682575954645,0.2390450049926808,0.3113286465264121,0.7071067811865476,real_activation,0.24623127994118124,0.21813910652340301,0.27432345335895947,screened_candidate,screened_candidate,screened_candidate,8,causal,0.3009666038466877,0.26100970390223527,0.34092350379114017,0.031115047439315487,0.9996373731657016,24,0.8668168821848548,0.8633552107226617,0.8702785536470478,0.7853981633974483,1.0,2,0.07053643412289246,0.05174857865718004,0.08932428958860487,0.8767488681543609,0.00017023082789651794,0.00011281227596064262,0.00022764937983239328
0.0,0.3787002156306962,0.3600988969932512,0.3973015342681412,6.123233995736766e-17,8,0.25,32,0.05472953123883019,0.17653758851423831,0.1504627310075261,0.20261244602095052,1.0,synthetic,0.12619830721623837,0.11829608004086545,0.13410053439161126,boundary_uncertain,boundary_uncertain,boundary_uncertain,8,unmasked,0.13580417594578081,0.12540330059085417,0.14620505130070746,0.09750571111957732,0.9999762691570212,24,0.9084614713876803,0.8928221505845095,0.9241007921908511,1.5707963267948966,1.0,2,0.034057687065392084,0.02618028350771199,0.041935090623072185,0.7745948747667358,5.61618348678398e-05,5.563150521966087e-05,5.669216451601872e-05
0.0,0.4892812294534046,0.4613382277198479,0.5172242311869613,6.123233995736766e-17,8,0.25,32,0.05607989919055338,0.21634768206390834,0.2151487244591527,0.21754663966866397,1.0,synthetic,0.19798019788576354,0.1815051623878214,0.21445523338370567,screened_candidate,boundary_uncertain,screened_candidate,8,causal,0.2222568025442111,0.20668271213941947,0.23783089294900275,0.09750571111957732,0.9999762691570212,24,0.9136214300578218,0.9098810750073103,0.9173617851083333,1.5707963267948966,1.0,2,0.08008404255184887,0.06770198759019826,0.09246609751349949,0.6875164353386138,7.971328286956386e-05,7.255467803158105e-05,8.687188770754667e-05
0.0,0.5258881289063908,0.5143261028117547,0.5374501550010268,6.123233995736766e-17,8,,32,0.135087570374119,0.21473780943811666,0.19331193533943133,0.23616368353680198,1.0,real_activation,0.1475455883439923,0.13538650152644582,0.1597046751615388,screened_candidate,screened_candidate,screened_candidate,8,unmasked,0.1597278570320859,0.14751911631436582,0.17193659774980596,0.031115047439315487,0.9996373731657016,24,0.8779448487160255,0.8676023562495307,0.8882873411825203,1.5707963267948966,1.0,2,0.029568133376120645,0.026598860042976815,0.03253740670926448,0.9126382585131807,0.00011078794292475878,9.878946079073556e-05,0.00012278642505878198
0.0,0.5067301041364738,0.48643015486994584,0.5270300534030018,6.123233995736766e-17,8,,32,0.06022845786119373,0.29105249933900723,0.26722556734416447,0.31487943133385005,1.0,real_activation,0.21534775977616089,0.20082721087180355,0.22986830868051822,screened_candidate,screened_candidate,screened_candidate,8,causal,0.2463788146908941,0.22293822397369406,0.2698194054080941,0.031115047439315487,0.9996373731657016,24,0.8631142925882607,0.8444078951614136,0.8818206900151079,1.5707963267948966,1.0,2,0.05494092571699534,0.05228681607751771,0.05759503535647297,0.8706234426302354,0.00014732893199025893,0.00014656398780752133,0.00014809387617299653
1.0,0.5523272649168177,0.5441523999140956,0.5605021299195398,0.0,9,0.25,32,2.1642637887649676,0.28895345615914375,0.24448114178623567,0.3334257705320518,0.0,synthetic,0.1704180528069334,0.1603618147974585,0.18047429081640828,screened_candidate,screened_candidate,screened_candidate,8,unmasked,0.1855562598873003,0.17067666911281495,0.2004358506617856,0.09750571111957732,0.9999762691570212,24,0.82364514758631,0.7821387195813699,0.8651515755912502,0.0,1.0,2,0.15698964591122855,0.1449258569324961,0.16905343488996102,1.0135761357257025,5.611865785917349e-05,4.427773504165569e-05,6.795958067669128e-05
1.0,0.7529934076688193,0.7514847352786639,0.7545020800589747,0.0,9,0.25,32,2.1642637887649676,0.39583898811741014,0.3666846484470857,0.4249933277877345,0.0,synthetic,0.2267578047815236,0.20278131433903696,0.25073429522401025,screened_candidate,screened_candidate,screened_candidate,8,causal,0.3616952712248529,0.30314776899931084,0.42024277345039496,0.09750571111957732,0.9999762691570212,24,0.7891439166654293,0.7323812765740226,0.8459065567568359,0.0,1.0,2,0.3056775265598117,0.30314776899931084,0.3082072841203125,0.9896041229347445,6.663961631646619e-05,6.258304980035676e-05,7.06961828325756e-05
1.0,0.6926541443589066,0.6508080601342344,0.7345002285835788,0.0,9,,32,2.8688759024545853,0.3930361499570572,0.37150275896201923,0.4145695409520952,0.0,real_activation,0.22422027060464977,0.20718464711873041,0.24125589409056916,screened_candidate,screened_candidate,screened_candidate,8,unmasked,0.29657005375656204,0.2418204424882193,0.3513196650249048,0.031115047439315487,0.9996373731657016,24,0.7463166323264454,0.699720855513757,0.792912409139134,0.0,1.0,2,0.2915069089194832,0.23169415281406164,0.3513196650249048,1.1549541017184537,0.00013177571282975913,0.00012749313825351688,0.00013605828740600136
1.0,0.8558869767191228,0.8291732703305148,0.8826006831077309,0.0,9,,32,2.8688759024545853,0.4998834565868478,0.47931288290059315,0.5204540302731024,0.0,real_activation,0.2564759162447095,0.2558857459598818,0.2570660865295372,screened_candidate,screened_candidate,screened_candidate,8,causal,0.5066468532876867,0.44096893322345304,0.5723247733519203,0.031115047439315487,0.9996373731657016,24,0.6812633952177756,0.6623922212272706,0.7001345692082807,0.0,1.0,2,0.5066468532876867,0.44096893322345304,0.5723247733519203,1.2123266704092783,0.00014819712487197488,0.000132843952902183,0.0001635502968417668
-1.0,0.37218589627542886,0.2768812140483099,0.46749057850254777,0.0,10,0.25,32,-10.899802187564028,0.7410212754290624,0.7061541298881178,0.775888420970007,0.0,synthetic,0.28329830052340493,0.2693236086017664,0.29727299244504346,concentrated,concentrated,concentrated,8,unmasked,0.7560459540870341,0.6969367770511116,0.8151551311229567,0.09750571111957732,0.9999762691570212,24,0.22105877545395272,0.17331140834203917,0.26880614256586627,0.0,2.0,2,3.284418855548787e-09,4.7133017965703535e-11,6.52170469313187e-09,5.832340549402928,9.621954687964122e-05,9.246985211321324e-05,9.996924164606918e-05
-1.0,0.35238763052034316,0.3039924228480322,0.40078283819265415,0.0,10,0.25,32,-10.899802187564028,0.7566659335705239,0.7539050208830599,0.7594268462579878,0.0,synthetic,0.2054321722272122,0.1498214631488145,0.2610428813056099,concentrated,concentrated,concentrated,8,causal,0.8637076290238246,0.8323798932897319,0.8950353647579171,0.09750571111957732,0.9999762691570212,24,0.18965917416357264,0.1672857977459228,0.21203255058122247,0.0,2.0,2,9.620644112113477e-09,4.4403251866994494e-10,1.879725570555701e-08,6.501786810326795,0.00010939129151476382,8.913973766958443e-05,0.0001296428453599432
-1.0,0.6029298212995853,0.5815177691760257,0.624341873423145,0.0,10,,32,-11.703799773059163,0.6938573490156765,0.6303840655438084,0.7573306324875446,0.0,real_activation,0.2506126603991232,0.24973048548002805,0.2514948353182184,concentrated,boundary_uncertain,concentrated,8,unmasked,0.6094345418842737,0.5455549618828275,0.6733141218857199,0.031115047439315487,0.9996373731657016,24,0.34186156256156125,0.22343308447687096,0.4602900406462515,0.0,2.0,2,9.79756825332761e-08,7.817249509627855e-11,1.9587319257145592e-07,4.656943289240494,9.018437949758303e-05,8.057224178448386e-05,9.979651721068219e-05
-1.0,0.4880656563941024,0.4566642325300044,0.5194670802582003,0.0,10,,32,-11.703799773059163,0.693804885038068,0.6370867556154579,0.750523014460678,0.0,real_activation,0.24822953316386204,0.22166861027760743,0.27479045605011665,concentrated,boundary_uncertain,concentrated,8,causal,0.7033201678632732,0.6094877973739057,0.7971525383526408,0.031115047439315487,0.9996373731657016,24,0.3514269060777704,0.2253325256388492,0.4775212865166915,0.0,2.0,2,8.940039170719679e-07,5.243005757719094e-09,1.7827648283862167e-06,4.859618260110298,0.00011082728526909554,8.270662703305386e-05,0.00013894794350513721
0.0,0.48793864621770366,0.4133707287924154,0.562506563642992,1.0,11,0.25,32,-0.41836197466038394,0.6325629378207693,0.603549832398016,0.6615760432435226,0.0,synthetic,0.24016848067495283,0.21975111434467365,0.260585847005232,concentrated,boundary_uncertain,concentrated,8,unmasked,0.4649275590102476,0.4576903592432157,0.4721647587772796,0.09750571111957732,0.9999762691570212,24,0.4627941859041318,0.4373558886015956,0.48823248320666796,0.0,2.0,2,0.0012804807059222138,0.0006951773205235667,0.0018657840913208607,2.8617816198326995,6.056987413641823e-05,5.701286125532532e-05,6.412688701751113e-05
0.0,0.469450385388302,0.44147091014541723,0.4974298606311868,1.0,11,0.25,32,-0.3874650110269592,0.6537328667122682,0.6327654928424535,0.6747002405820827,0.0,synthetic,0.2614869493640376,0.2554487895564079,0.26752510917166733,concentrated,boundary_uncertain,concentrated,8,causal,0.6610011961626217,0.624870684007376,0.6971317083178674,0.09750571111957732,0.9999762691570212,24,0.4299538333746966,0.3684033113748824,0.4915043553745108,0.0,2.0,2,0.005070125368163952,0.004022806929179444,0.00611744380714846,2.7903005617324093,5.7484445824317886e-05,5.649162492313039e-05,5.847726672550537e-05
0.0,0.5724689010848163,0.5352386820437406,0.609699120125892,1.0,11,,32,-0.09173469810270796,0.6231758690781131,0.6178846365799213,0.6284671015763047,0.0,real_activation,0.30023150179248015,0.29149124049054104,0.3089717630944193,concentrated,concentrated,concentrated,8,unmasked,0.5091786363254683,0.49465054837010225,0.5237067242808344,0.031115047439315487,0.9996373731657016,24,0.4032703837603544,0.39381145125943295,0.4127293162612759,0.0,2.0,2,0.0007787930783042858,0.00028381028045427066,0.0012737758761543008,3.135702585313446,0.00011080942537303457,9.158485849461868e-05,0.00013003399225145046
0.0,0.5209158352270563,0.41855600188937375,0.6232756685647388,1.0,11,,32,-0.023381301735784288,0.660256912429618,0.6438165579021787,0.6766972669570573,0.0,real_activation,0.2955878439421137,0.27991457398913755,0.3112611138950898,concentrated,boundary_uncertain,concentrated,8,causal,0.7050631270371434,0.6704941139118124,0.7396321401624744,0.031115047439315487,0.9996373731657016,24,0.3827441098671407,0.3114343202607484,0.45405389947353303,0.0,2.0,2,0.007793571562932958,0.005239265044206292,0.010347878081659625,2.940191620818119,0.0001393832944155105,0.00012269875782182534,0.00015606783100919564
0.0,0.363921525495742,0.2500712838976418,0.4777717670938422,0.7071067811865476,12,0.25,32,-0.21565293918819972,0.6893925709228598,0.6054414079972683,0.7733437338484512,0.7071067811865476,synthetic,0.26482121899544425,0.2422190248561349,0.2874234131347536,concentrated,boundary_uncertain,concentrated,8,unmasked,0.5985179213570828,0.4453622990330597,0.7516735436811061,0.09750571111957732,0.9999762691570212,24,0.3363590506788841,0.21068859602782095,0.46202950532994724,0.7853981633974483,2.0,2,0.0012528719463622154,0.00012682204576236285,0.0023789218469620677,3.9118412508740557,0.00010296443314842849,7.997365428982387e-05,0.0001259552120070331
0.0,0.3763085471941251,0.3265409595411091,0.4260761348471411,0.7071067811865476,12,0.25,32,-0.4281811834969399,0.6617910778543782,0.6343787548245823,0.6892034008841741,0.7071067811865476,synthetic,0.3087828227406634,0.26549380808404155,0.3520718373972852,concentrated,concentrated,concentrated,8,causal,0.698211633772849,0.6897340061282659,0.7066892614174323,0.09750571111957732,0.9999762691570212,24,0.35265486068436136,0.2957416288918237,0.40956809247689907,0.7853981633974483,2.0,2,0.004145346589707593,0.002153777223736579,0.006136915955678606,3.6576881897525233,0.00012973383377026367,0.00010983787685193255,0.0001496297906885948
0.0,0.555341196410112,0.48672009799896765,0.6239622948212564,0.7071067811865476,12,,32,-0.5160554198206098,0.6689124703134013,0.5943127904856005,0.7435121501412022,0.7071067811865476,real_activation,0.24278418914367134,0.22360713579630861,0.26196124249103403,boundary_uncertain,boundary_uncertain,concentrated,8,unmasked,0.567879914096371,0.43090391140706447,0.7048559167856774,0.031115047439315487,0.9996373731657016,24,0.4231293828620679,0.29845612628013407,0.5478026394440018,0.7853981633974483,2.0,2,0.0014778376511679768,5.56063332061048e-05,0.002900068969129849,3.1691110364555515,0.00012658978891001864,0.00011836290228348293,0.00013481667553655435
0.0,0.5501273263502282,0.5302364146869889,0.5700182380134674,0.7071067811865476,12,,32,-0.27058752000284614,0.6547283386677014,0.6033059054250435,0.7061507719103595,0.7071067811865476,real_activation,0.26993794306805635,0.24363370442607313,0.2962421817100396,boundary_uncertain,boundary_uncertain,concentrated,8,causal,0.6922313957524427,0.5913347333412698,0.7931280581636156,0.031115047439315487,0.9996373731657016,24,0.40189978073737187,0.2868155160012568,0.516984045473487,0.7853981633974483,2.0,2,0.006085158509434434,0.0008662462008168974,0.011304070818051971,3.0900848870030293,0.00012709639686002321,8.46009277858277e-05,0.00016959186593421872
0.0,0.4628937877585825,0.4415364007622787,0.4842511747548863,6.123233995736766e-17,13,0.25,32,-0.25431974141977803,0.6431318802211805,0.6392543130352761,0.6470094474070848,1.0,synthetic,0.29545944273537517,0.29285155262796536,0.29806733284278497,concentrated,concentrated,concentrated,8,unmasked,0.5706756925197192,0.508450904873021,0.6329004801664174,0.09750571111957732,0.9999762691570212,24,0.38949734896126853,0.35979321546635384,0.41920148245618327,1.5707963267948966,2.0,2,0.0009014775308181654,0.0005999263578073354,0.0012030287038289954,3.2835577009671644,0.0001334217966782362,0.00011288530758487467,0.00015395828577159776
0.0,0.46907317247421526,0.4094588512215789,0.5286874937268516,6.123233995736766e-17,13,0.25,32,-0.5466485638314118,0.6470895794001688,0.6387196391664636,0.655459519633874,1.0,synthetic,0.2969502836847232,0.29495524594821465,0.29894532142123176,concentrated,concentrated,concentrated,8,causal,0.7185739816583021,0.6854428656653387,0.7517050976512656,0.09750571111957732,0.9999762691570212,24,0.3880110462932058,0.3786095500566094,0.3974125425298023,1.5707963267948966,2.0,2,0.003175201100251052,0.0027511830479836933,0.0035992191525184114,2.7694946300564194,0.0001278562758197927,0.0001245128559103399,0.00013119969572924548
0.0,0.5946757797874571,0.5944236226996195,0.5949279368752949,6.123233995736766e-17,13,,32,0.5517145051008038,0.6689631141771493,0.6576585541874354,0.6802676741668632,1.0,real_activation,0.2725414683295801,0.24757260844742007,0.2975103282117401,concentrated,concentrated,concentrated,8,unmasked,0.5731832594009292,0.5711482948835724,0.5752182239182858,0.031115047439315487,0.9996373731657016,24,0.3697541369077911,0.35837062210869797,0.3811376517068842,1.5707963267948966,2.0,2,0.00369909508048088,0.0002446461537940314,0.007153544007167729,3.8370500217389054,0.00013447503948049732,9.819566301232641e-05,0.00017075441594866826
0.0,0.5546967841837915,0.5267841405840735,0.5826094277835097,6.123233995736766e-17,13,,32,0.5572271135119179,0.6886870762294507,0.6858300041008719,0.6915441483580295,1.0,real_activation,0.261577200363474,0.2532603524448547,0.26989404828209335,concentrated,concentrated,concentrated,8,causal,0.740971561421869,0.7301653301046693,0.7517777927390688,0.031115047439315487,0.9996373731657016,24,0.32871317864659255,0.32337014985758883,0.33405620743559633,1.5707963267948966,2.0,2,0.0173803195956987,0.0007717422286117917,0.033988896962785606,3.423378029098301,0.00015692882264914946,0.00010173615130631637,0.00021212149399198253
1.0,0.8331528145434197,0.7744098359860843,0.8918957931007552,0.0,14,0.25,32,8.925661333532084,0.7363896782649983,0.6864653750471189,0.7863139814828778,0.0,synthetic,0.26471979602902335,0.23730317871125098,0.2921364133467957,concentrated,concentrated,concentrated,8,unmasked,0.6954135892380144,0.5769894273963403,0.8138377510796887,0.09750571111957732,0.9999762691570212,24,0.29012385335178176,0.19295789135441452,0.38728981534914897,0.0,2.0,2,0.6498279700248853,0.48581818897008194,0.8138377510796887,3.6640658412729183,5.911936407358962e-05,4.879368333756546e-05,6.944504480961378e-05
1.0,0.8978233798926155,0.8754415508183503,0.9202052089668807,0.0,14,0.25,32,8.925661333532084,0.7623149704744865,0.7338722597301962,0.7907576812187768,0.0,synthetic,0.16290368007120015,0.10982274658358035,0.21598461355881998,self_locked,self_locked,self_locked,8,causal,0.8871379528122769,0.8518593478233384,0.9224165578012153,0.09750571111957732,0.9999762691570212,24,0.19339270685802967,0.13479183966239336,0.25199357405366596,0.0,2.0,2,0.8871379528122769,0.8518593478233384,0.9224165578012153,3.6037539817833384,4.1195338775249947e-05,3.80544915351984e-05,4.433618601530149e-05
1.0,0.8758890889746291,0.8715610065774789,0.8802171713717793,0.0,14,,32,10.713631467102982,0.8245498390626894,0.8205563497047254,0.8285433284206535,0.0,real_activation,0.0679721895918178,0.050749806002540934,0.08519457318109466,self_locked,self_locked,self_locked,8,unmasked,0.8853902590170359,0.863144553198255,0.9076359648358168,0.031115047439315487,0.9996373731657016,24,0.09331540803227299,0.06498129246317925,0.12164952360136673,0.0,2.0,2,0.8853902590170359,0.863144553198255,0.9076359648358168,4.367901755779872,6.503404062475822e-05,5.2692854691027306e-05,7.737522655848916e-05
1.0,0.9036703906419156,0.8924206231391582,0.914920158144673,0.0,14,,32,10.713631467102982,0.7908380571059936,0.7828538477827082,0.798822266429279,0.0,real_activation,0.04219148664105721,0.0415208523956773,0.04286212088643712,self_locked,self_locked,self_locked,8,causal,0.9724099819948656,0.9667487840596238,0.9780711799301074,0.031115047439315487,0.9996373731657016,24,0.057668724588863934,0.050066895165124393,0.06527055401260347,0.0,2.0,2,0.9724099819948656,0.9667487840596238,0.9780711799301074,4.69338775866212,6.15766565368132e-05,5.946992746297961e-05,6.368338561064681e-05
